<?xml version="1.0" encoding="UTF-8"?>
<project-private xmlns="http://www.netbeans.org/ns/project-private/1">
    <editor-bookmarks xmlns="http://www.netbeans.org/ns/editor-bookmarks/2" lastBookmarkId="0"/>
    <open-files xmlns="http://www.netbeans.org/ns/projectui-open-files/2">
        <group>
            <file>file:/E:/HK3/csd201/codemautree/Q2/src/q2/Q2.java</file>
            <file>file:/E:/HK3/csd201/codemautree/Q2/src/q2/BSTree.java</file>
            <file>file:/E:/HK3/csd201/codemautree/Q2/src/q2/BSTNode.java</file>
        </group>
    </open-files>
</project-private>
