<?xml version="1.0" encoding="UTF-8"?>
<project-private xmlns="http://www.netbeans.org/ns/project-private/1">
    <editor-bookmarks xmlns="http://www.netbeans.org/ns/editor-bookmarks/2" lastBookmarkId="0"/>
    <open-files xmlns="http://www.netbeans.org/ns/projectui-open-files/2">
        <group>
            <file>file:/D:/CSD201/codemaugraph-20240309T024626Z-001/codemaugraph/Q2/src/q2/Graph.java</file>
            <file>file:/D:/CSD201/codemaugraph-20240309T024626Z-001/codemaugraph/Q2/src/q2/Q2.java</file>
        </group>
    </open-files>
</project-private>
