<?xml version="1.0" encoding="UTF-8"?>
<project-private xmlns="http://www.netbeans.org/ns/project-private/1">
    <editor-bookmarks xmlns="http://www.netbeans.org/ns/editor-bookmarks/2" lastBookmarkId="0"/>
    <open-files xmlns="http://www.netbeans.org/ns/projectui-open-files/2">
        <group>
            <file>file:/D:/CSD201/codemautree-20240310T014843Z-001/codemautree/Q1/src/q1/Q1.java</file>
            <file>file:/D:/CSD201/codemautree-20240310T014843Z-001/codemautree/Q1/src/q1/BSTree.java</file>
        </group>
    </open-files>
</project-private>
